Address:,USB0::0x0957::0x17BC::MY60101365::0::INSTR,,Time (s),Time@Edge(1)
Model:,MSO-X 4154A,,2023-05-18 20:31:34.788,4.9949E-08
Serial Number:,MY60101365,,2023-05-18 20:31:35.405,4.8929E-08
Firmware Version:,07.31.2020012900,,2023-05-18 20:31:36.025,5.0803E-08
Start Time:,2023-05-18 20:31:34.788,,2023-05-18 20:31:36.665,4.9311E-08
Stop Time:,2023-05-18 20:46:35.684,,2023-05-18 20:31:37.304,4.96E-08
Sample Period:,0.5,,2023-05-18 20:31:37.941,4.7629E-08
,,,2023-05-18 20:31:38.572,4.9704E-08
,,,2023-05-18 20:31:39.207,5.1082E-08
,,,2023-05-18 20:31:39.843,4.9302E-08
,,,2023-05-18 20:31:40.472,4.9234E-08
,,,2023-05-18 20:31:41.104,5.1053E-08
,,,2023-05-18 20:31:41.736,4.806E-08
,,,2023-05-18 20:31:42.371,4.8958E-08
,,,2023-05-18 20:31:43.002,4.9577E-08
,,,2023-05-18 20:31:43.635,4.796E-08
,,,2023-05-18 20:31:44.272,4.9039E-08
,,,2023-05-18 20:31:44.906,5.0601E-08
,,,2023-05-18 20:31:45.543,4.9216E-08
,,,2023-05-18 20:31:46.172,4.9874E-08
,,,2023-05-18 20:31:46.803,5.0797E-08
,,,2023-05-18 20:31:47.436,4.9578E-08
,,,2023-05-18 20:31:48.076,4.9957E-08
,,,2023-05-18 20:31:48.709,5.0625E-08
,,,2023-05-18 20:31:49.348,4.9175E-08
,,,2023-05-18 20:31:49.984,4.7527E-08
,,,2023-05-18 20:31:50.621,5.0344E-08
,,,2023-05-18 20:31:51.253,5.0341E-08
,,,2023-05-18 20:31:51.897,5.0791E-08
,,,2023-05-18 20:31:52.531,4.7568E-08
,,,2023-05-18 20:31:53.168,4.8014E-08
,,,2023-05-18 20:31:53.804,4.8395E-08
,,,2023-05-18 20:31:54.439,4.9673E-08
,,,2023-05-18 20:31:55.076,4.7935E-08
,,,2023-05-18 20:31:55.714,5.0958E-08
,,,2023-05-18 20:31:56.345,5.0696E-08
,,,2023-05-18 20:31:56.978,5.019E-08
,,,2023-05-18 20:31:57.612,4.8649E-08
,,,2023-05-18 20:31:58.247,5.2234E-08
,,,2023-05-18 20:31:58.885,4.9471E-08
,,,2023-05-18 20:31:59.521,4.868E-08
,,,2023-05-18 20:32:00.158,4.839E-08
,,,2023-05-18 20:32:00.787,4.9866E-08
,,,2023-05-18 20:32:01.421,5.0457E-08
,,,2023-05-18 20:32:02.056,4.7888E-08
,,,2023-05-18 20:32:02.691,5.0741E-08
,,,2023-05-18 20:32:03.322,5.0492E-08
,,,2023-05-18 20:32:03.950,5.0162E-08
,,,2023-05-18 20:32:04.593,4.9646E-08
,,,2023-05-18 20:32:05.231,4.7341E-08
,,,2023-05-18 20:32:05.867,5.0296E-08
,,,2023-05-18 20:32:06.505,4.8738E-08
,,,2023-05-18 20:32:07.147,5.0124E-08
,,,2023-05-18 20:32:07.782,4.9594E-08
,,,2023-05-18 20:32:08.419,5.025E-08
,,,2023-05-18 20:32:09.061,4.9366E-08
,,,2023-05-18 20:32:09.695,4.9965E-08
,,,2023-05-18 20:32:10.331,5.2111E-08
,,,2023-05-18 20:32:10.972,5.0463E-08
,,,2023-05-18 20:32:11.610,5.0463E-08
,,,2023-05-18 20:32:12.247,4.9791E-08
,,,2023-05-18 20:32:12.883,4.9117E-08
,,,2023-05-18 20:32:13.521,4.9129E-08
,,,2023-05-18 20:32:14.161,4.9204E-08
,,,2023-05-18 20:32:14.795,4.9816E-08
,,,2023-05-18 20:32:15.427,4.7977E-08
,,,2023-05-18 20:32:16.063,4.942E-08
,,,2023-05-18 20:32:16.708,4.9167E-08
,,,2023-05-18 20:32:17.345,5.1303E-08
,,,2023-05-18 20:32:17.978,5.0541E-08
,,,2023-05-18 20:32:18.623,5.012E-08
,,,2023-05-18 20:32:19.260,4.8427E-08
,,,2023-05-18 20:32:19.896,5.042E-08
,,,2023-05-18 20:32:20.532,4.9263E-08
,,,2023-05-18 20:32:21.173,4.9402E-08
,,,2023-05-18 20:32:21.809,5.1875E-08
,,,2023-05-18 20:32:22.443,5.1389E-08
,,,2023-05-18 20:32:23.080,4.959E-08
,,,2023-05-18 20:32:23.723,5.0787E-08
,,,2023-05-18 20:32:24.365,5.1789E-08
,,,2023-05-18 20:32:25.003,4.9515E-08
,,,2023-05-18 20:32:25.636,5.1676E-08
,,,2023-05-18 20:32:26.276,4.9409E-08
,,,2023-05-18 20:32:26.915,4.7891E-08
,,,2023-05-18 20:32:27.553,4.9621E-08
,,,2023-05-18 20:32:28.202,5.0077E-08
,,,2023-05-18 20:32:28.840,4.9868E-08
,,,2023-05-18 20:32:29.480,4.8585E-08
,,,2023-05-18 20:32:30.119,4.9514E-08
,,,2023-05-18 20:32:30.757,5.057E-08
,,,2023-05-18 20:32:31.400,5.0544E-08
,,,2023-05-18 20:32:32.040,5.0263E-08
,,,2023-05-18 20:32:32.677,4.9475E-08
,,,2023-05-18 20:32:33.316,5.1364E-08
,,,2023-05-18 20:32:33.956,4.9096E-08
,,,2023-05-18 20:32:34.591,5.0433E-08
,,,2023-05-18 20:32:35.220,4.9516E-08
,,,2023-05-18 20:32:35.852,5.0517E-08
,,,2023-05-18 20:32:36.474,5.1339E-08
,,,2023-05-18 20:32:37.115,4.9844E-08
,,,2023-05-18 20:32:37.751,4.8923E-08
,,,2023-05-18 20:32:38.388,4.9047E-08
,,,2023-05-18 20:32:39.033,4.8996E-08
,,,2023-05-18 20:32:39.668,4.8968E-08
,,,2023-05-18 20:32:40.303,4.831E-08
,,,2023-05-18 20:32:40.940,4.7677E-08
,,,2023-05-18 20:32:41.580,5.0375E-08
,,,2023-05-18 20:32:42.220,4.8305E-08
,,,2023-05-18 20:32:42.859,4.8691E-08
,,,2023-05-18 20:32:43.501,4.985E-08
,,,2023-05-18 20:32:44.136,4.7961E-08
,,,2023-05-18 20:32:44.771,4.8873E-08
,,,2023-05-18 20:32:45.412,5.0333E-08
,,,2023-05-18 20:32:46.052,5.0366E-08
,,,2023-05-18 20:32:46.691,5.0148E-08
,,,2023-05-18 20:32:47.335,5.0402E-08
,,,2023-05-18 20:32:47.972,5.0978E-08
,,,2023-05-18 20:32:48.605,4.8671E-08
,,,2023-05-18 20:32:49.239,4.9412E-08
,,,2023-05-18 20:32:49.880,4.9807E-08
,,,2023-05-18 20:32:50.517,4.8818E-08
,,,2023-05-18 20:32:51.162,4.9372E-08
,,,2023-05-18 20:32:51.800,5.0225E-08
,,,2023-05-18 20:32:52.439,5.016E-08
,,,2023-05-18 20:32:53.077,4.9097E-08
,,,2023-05-18 20:32:53.715,4.9844E-08
,,,2023-05-18 20:32:54.355,5.0197E-08
,,,2023-05-18 20:32:54.994,5.0908E-08
,,,2023-05-18 20:32:55.632,5.0631E-08
,,,2023-05-18 20:32:56.270,4.9839E-08
,,,2023-05-18 20:32:56.908,4.7642E-08
,,,2023-05-18 20:32:57.547,5.141E-08
,,,2023-05-18 20:32:58.181,5.0536E-08
,,,2023-05-18 20:32:58.812,4.9471E-08
,,,2023-05-18 20:32:59.453,5.0839E-08
,,,2023-05-18 20:33:00.089,5.0092E-08
,,,2023-05-18 20:33:00.722,5.0408E-08
,,,2023-05-18 20:33:01.358,4.875E-08
,,,2023-05-18 20:33:01.993,5.0044E-08
,,,2023-05-18 20:33:02.633,4.9825E-08
,,,2023-05-18 20:33:03.272,4.9829E-08
,,,2023-05-18 20:33:03.906,5.1103E-08
,,,2023-05-18 20:33:04.547,4.952E-08
,,,2023-05-18 20:33:05.190,5.0441E-08
,,,2023-05-18 20:33:05.827,5.0403E-08
,,,2023-05-18 20:33:06.466,4.8159E-08
,,,2023-05-18 20:33:07.101,4.86E-08
,,,2023-05-18 20:33:07.740,5.0785E-08
,,,2023-05-18 20:33:08.378,4.7677E-08
,,,2023-05-18 20:33:09.014,5.2935E-08
,,,2023-05-18 20:33:09.656,4.9792E-08
,,,2023-05-18 20:33:10.293,4.9272E-08
,,,2023-05-18 20:33:10.930,4.9088E-08
,,,2023-05-18 20:33:11.567,4.8904E-08
,,,2023-05-18 20:33:12.206,4.9628E-08
,,,2023-05-18 20:33:12.844,5.0743E-08
,,,2023-05-18 20:33:13.482,4.9584E-08
,,,2023-05-18 20:33:14.123,4.9818E-08
,,,2023-05-18 20:33:14.756,4.9349E-08
,,,2023-05-18 20:33:15.386,5.016E-08
,,,2023-05-18 20:33:16.022,4.9664E-08
,,,2023-05-18 20:33:16.657,5.0332E-08
,,,2023-05-18 20:33:17.297,4.9838E-08
,,,2023-05-18 20:33:17.934,5.0993E-08
,,,2023-05-18 20:33:18.571,4.8516E-08
,,,2023-05-18 20:33:19.205,5.0347E-08
,,,2023-05-18 20:33:19.844,4.9475E-08
,,,2023-05-18 20:33:20.483,5.2621E-08
,,,2023-05-18 20:33:21.121,4.9045E-08
,,,2023-05-18 20:33:21.757,4.8243E-08
,,,2023-05-18 20:33:22.393,4.829E-08
,,,2023-05-18 20:33:23.038,4.8549E-08
,,,2023-05-18 20:33:23.678,5.059E-08
,,,2023-05-18 20:33:24.312,5.2275E-08
,,,2023-05-18 20:33:24.951,5.0696E-08
,,,2023-05-18 20:33:25.591,4.9484E-08
,,,2023-05-18 20:33:26.227,5.0012E-08
,,,2023-05-18 20:33:26.862,4.9797E-08
,,,2023-05-18 20:33:27.503,4.8646E-08
,,,2023-05-18 20:33:28.139,4.9165E-08
,,,2023-05-18 20:33:28.789,4.8231E-08
,,,2023-05-18 20:33:29.426,5.0077E-08
,,,2023-05-18 20:33:30.067,4.9856E-08
,,,2023-05-18 20:33:30.704,5.0645E-08
,,,2023-05-18 20:33:31.345,5.0433E-08
,,,2023-05-18 20:33:31.983,4.8702E-08
,,,2023-05-18 20:33:32.620,4.9844E-08
,,,2023-05-18 20:33:33.262,4.9478E-08
,,,2023-05-18 20:33:33.903,5.1207E-08
,,,2023-05-18 20:33:34.540,4.872E-08
,,,2023-05-18 20:33:35.176,5.0536E-08
,,,2023-05-18 20:33:35.805,5.0811E-08
,,,2023-05-18 20:33:36.435,4.8228E-08
,,,2023-05-18 20:33:37.068,4.8408E-08
,,,2023-05-18 20:33:37.700,5.0693E-08
,,,2023-05-18 20:33:38.342,5.053E-08
,,,2023-05-18 20:33:38.979,5.2133E-08
,,,2023-05-18 20:33:39.616,4.8768E-08
,,,2023-05-18 20:33:40.257,5.0605E-08
,,,2023-05-18 20:33:40.899,4.9822E-08
,,,2023-05-18 20:33:41.534,5.0558E-08
,,,2023-05-18 20:33:42.174,4.96E-08
,,,2023-05-18 20:33:42.815,4.8572E-08
,,,2023-05-18 20:33:43.453,4.9361E-08
,,,2023-05-18 20:33:44.094,4.9613E-08
,,,2023-05-18 20:33:44.732,4.9768E-08
,,,2023-05-18 20:33:45.368,4.9461E-08
,,,2023-05-18 20:33:46.007,5E-08
,,,2023-05-18 20:33:46.649,5.0797E-08
,,,2023-05-18 20:33:47.285,4.9583E-08
,,,2023-05-18 20:33:47.919,5.1497E-08
,,,2023-05-18 20:33:48.560,5.2557E-08
,,,2023-05-18 20:33:49.201,4.9136E-08
,,,2023-05-18 20:33:49.839,4.8666E-08
,,,2023-05-18 20:33:50.481,4.9553E-08
,,,2023-05-18 20:33:51.120,5.1458E-08
,,,2023-05-18 20:33:51.757,5.1114E-08
,,,2023-05-18 20:33:52.397,5.114E-08
,,,2023-05-18 20:33:53.035,4.9719E-08
,,,2023-05-18 20:33:53.678,4.9421E-08
,,,2023-05-18 20:33:54.314,5.1418E-08
,,,2023-05-18 20:33:54.954,4.6487E-08
,,,2023-05-18 20:33:55.593,5.1404E-08
,,,2023-05-18 20:33:56.230,4.9997E-08
,,,2023-05-18 20:33:56.872,5.0305E-08
,,,2023-05-18 20:33:57.510,4.9103E-08
,,,2023-05-18 20:33:58.148,4.7939E-08
,,,2023-05-18 20:33:58.779,5.0433E-08
,,,2023-05-18 20:33:59.417,4.9952E-08
,,,2023-05-18 20:34:00.054,4.7978E-08
,,,2023-05-18 20:34:00.692,4.8568E-08
,,,2023-05-18 20:34:01.327,4.8952E-08
,,,2023-05-18 20:34:01.960,5.0067E-08
,,,2023-05-18 20:34:02.600,4.916E-08
,,,2023-05-18 20:34:03.241,5.2604E-08
,,,2023-05-18 20:34:03.878,4.9568E-08
,,,2023-05-18 20:34:04.511,5.085E-08
,,,2023-05-18 20:34:05.150,5.0128E-08
,,,2023-05-18 20:34:05.791,5.0129E-08
,,,2023-05-18 20:34:06.428,5.1676E-08
,,,2023-05-18 20:34:07.064,5.041E-08
,,,2023-05-18 20:34:07.705,4.7119E-08
,,,2023-05-18 20:34:08.341,4.9548E-08
,,,2023-05-18 20:34:08.981,4.9869E-08
,,,2023-05-18 20:34:09.622,5.0521E-08
,,,2023-05-18 20:34:10.256,5.1031E-08
,,,2023-05-18 20:34:10.901,4.6889E-08
,,,2023-05-18 20:34:11.540,4.8721E-08
,,,2023-05-18 20:34:12.182,5.1976E-08
,,,2023-05-18 20:34:12.819,5.0522E-08
,,,2023-05-18 20:34:13.460,4.8702E-08
,,,2023-05-18 20:34:14.100,5.2039E-08
,,,2023-05-18 20:34:14.739,5.0692E-08
,,,2023-05-18 20:34:15.374,5.1389E-08
,,,2023-05-18 20:34:16.015,4.9193E-08
,,,2023-05-18 20:34:16.653,4.8885E-08
,,,2023-05-18 20:34:17.290,5.1635E-08
,,,2023-05-18 20:34:17.929,4.9819E-08
,,,2023-05-18 20:34:18.570,5.1649E-08
,,,2023-05-18 20:34:19.205,5.0942E-08
,,,2023-05-18 20:34:19.841,4.999E-08
,,,2023-05-18 20:34:20.483,4.9869E-08
,,,2023-05-18 20:34:21.122,4.834E-08
,,,2023-05-18 20:34:21.758,4.9183E-08
,,,2023-05-18 20:34:22.400,5.0666E-08
,,,2023-05-18 20:34:23.038,4.8736E-08
,,,2023-05-18 20:34:23.679,5.1674E-08
,,,2023-05-18 20:34:24.319,5.0131E-08
,,,2023-05-18 20:34:24.964,4.9565E-08
,,,2023-05-18 20:34:25.601,5.0323E-08
,,,2023-05-18 20:34:26.241,4.9596E-08
,,,2023-05-18 20:34:26.878,4.7308E-08
,,,2023-05-18 20:34:27.517,5.197E-08
,,,2023-05-18 20:34:28.158,4.9579E-08
,,,2023-05-18 20:34:28.789,4.9358E-08
,,,2023-05-18 20:34:29.427,4.8672E-08
,,,2023-05-18 20:34:30.064,4.8229E-08
,,,2023-05-18 20:34:30.702,5.0125E-08
,,,2023-05-18 20:34:31.351,5.1946E-08
,,,2023-05-18 20:34:31.989,5.1747E-08
,,,2023-05-18 20:34:32.634,5.1428E-08
,,,2023-05-18 20:34:33.275,5.0421E-08
,,,2023-05-18 20:34:33.911,4.9468E-08
,,,2023-05-18 20:34:34.545,5.0649E-08
,,,2023-05-18 20:34:35.174,4.9499E-08
,,,2023-05-18 20:34:35.806,5.1118E-08
,,,2023-05-18 20:34:36.448,4.9348E-08
,,,2023-05-18 20:34:37.072,4.9764E-08
,,,2023-05-18 20:34:37.711,5.1467E-08
,,,2023-05-18 20:34:38.351,4.9783E-08
,,,2023-05-18 20:34:38.993,5.2714E-08
,,,2023-05-18 20:34:39.637,5.0504E-08
,,,2023-05-18 20:34:40.277,5.0342E-08
,,,2023-05-18 20:34:40.914,5.0871E-08
,,,2023-05-18 20:34:41.558,5.1722E-08
,,,2023-05-18 20:34:42.196,5.0802E-08
,,,2023-05-18 20:34:42.830,5.0262E-08
,,,2023-05-18 20:34:43.467,4.9078E-08
,,,2023-05-18 20:34:44.106,4.9554E-08
,,,2023-05-18 20:34:44.749,4.8566E-08
,,,2023-05-18 20:34:45.387,5.0062E-08
,,,2023-05-18 20:34:46.025,4.9241E-08
,,,2023-05-18 20:34:46.662,4.9715E-08
,,,2023-05-18 20:34:47.304,4.9639E-08
,,,2023-05-18 20:34:47.945,4.8297E-08
,,,2023-05-18 20:34:48.584,5.106E-08
,,,2023-05-18 20:34:49.227,5.0201E-08
,,,2023-05-18 20:34:49.869,5.1338E-08
,,,2023-05-18 20:34:50.512,5.069E-08
,,,2023-05-18 20:34:51.151,5.0573E-08
,,,2023-05-18 20:34:51.792,5.0231E-08
,,,2023-05-18 20:34:52.435,5.174E-08
,,,2023-05-18 20:34:53.074,5.0396E-08
,,,2023-05-18 20:34:53.710,5.011E-08
,,,2023-05-18 20:34:54.357,5.0302E-08
,,,2023-05-18 20:34:54.997,5.0944E-08
,,,2023-05-18 20:34:55.635,4.8969E-08
,,,2023-05-18 20:34:56.276,4.8313E-08
,,,2023-05-18 20:34:56.916,4.9178E-08
,,,2023-05-18 20:34:57.557,5.2054E-08
,,,2023-05-18 20:34:58.200,5.1342E-08
,,,2023-05-18 20:34:58.839,4.8746E-08
,,,2023-05-18 20:34:59.481,4.9755E-08
,,,2023-05-18 20:35:00.119,4.9698E-08
,,,2023-05-18 20:35:00.774,5.0299E-08
,,,2023-05-18 20:35:01.418,4.98E-08
,,,2023-05-18 20:35:02.054,4.8044E-08
,,,2023-05-18 20:35:02.692,4.8823E-08
,,,2023-05-18 20:35:03.334,4.6387E-08
,,,2023-05-18 20:35:03.971,4.9642E-08
,,,2023-05-18 20:35:04.607,4.7906E-08
,,,2023-05-18 20:35:05.255,4.9811E-08
,,,2023-05-18 20:35:05.895,4.9022E-08
,,,2023-05-18 20:35:06.534,5.004E-08
,,,2023-05-18 20:35:07.178,5.0177E-08
,,,2023-05-18 20:35:07.821,4.9901E-08
,,,2023-05-18 20:35:08.465,4.9069E-08
,,,2023-05-18 20:35:09.108,4.9647E-08
,,,2023-05-18 20:35:09.747,5.1105E-08
,,,2023-05-18 20:35:10.387,4.9207E-08
,,,2023-05-18 20:35:11.030,4.8566E-08
,,,2023-05-18 20:35:11.668,4.9575E-08
,,,2023-05-18 20:35:12.307,5.0212E-08
,,,2023-05-18 20:35:12.945,5.1274E-08
,,,2023-05-18 20:35:13.584,4.9829E-08
,,,2023-05-18 20:35:14.228,4.9315E-08
,,,2023-05-18 20:35:14.865,5.028E-08
,,,2023-05-18 20:35:15.502,4.9244E-08
,,,2023-05-18 20:35:16.143,4.9833E-08
,,,2023-05-18 20:35:16.784,5.0005E-08
,,,2023-05-18 20:35:17.425,5.0219E-08
,,,2023-05-18 20:35:18.064,4.9456E-08
,,,2023-05-18 20:35:18.702,4.8569E-08
,,,2023-05-18 20:35:19.347,5.0033E-08
,,,2023-05-18 20:35:19.984,4.9872E-08
,,,2023-05-18 20:35:20.618,4.9624E-08
,,,2023-05-18 20:35:21.257,4.6747E-08
,,,2023-05-18 20:35:21.894,5.0168E-08
,,,2023-05-18 20:35:22.532,4.9542E-08
,,,2023-05-18 20:35:23.167,4.8548E-08
,,,2023-05-18 20:35:23.801,5.0325E-08
,,,2023-05-18 20:35:24.439,4.9543E-08
,,,2023-05-18 20:35:25.081,5.237E-08
,,,2023-05-18 20:35:25.717,5.1485E-08
,,,2023-05-18 20:35:26.355,5.1141E-08
,,,2023-05-18 20:35:26.993,5.0532E-08
,,,2023-05-18 20:35:27.631,4.9838E-08
,,,2023-05-18 20:35:28.266,4.8762E-08
,,,2023-05-18 20:35:28.897,4.9819E-08
,,,2023-05-18 20:35:29.530,5.1135E-08
,,,2023-05-18 20:35:30.171,5.0237E-08
,,,2023-05-18 20:35:30.812,5.0151E-08
,,,2023-05-18 20:35:31.448,4.8688E-08
,,,2023-05-18 20:35:32.085,4.9638E-08
,,,2023-05-18 20:35:32.727,5.0045E-08
,,,2023-05-18 20:35:33.362,5.0064E-08
,,,2023-05-18 20:35:34.000,4.9616E-08
,,,2023-05-18 20:35:34.634,4.8831E-08
,,,2023-05-18 20:35:35.262,5.0397E-08
,,,2023-05-18 20:35:35.893,4.9103E-08
,,,2023-05-18 20:35:36.535,5.071E-08
,,,2023-05-18 20:35:37.159,4.9321E-08
,,,2023-05-18 20:35:37.796,4.8845E-08
,,,2023-05-18 20:35:38.437,4.8655E-08
,,,2023-05-18 20:35:39.071,5.199E-08
,,,2023-05-18 20:35:39.710,4.7307E-08
,,,2023-05-18 20:35:40.351,4.8788E-08
,,,2023-05-18 20:35:40.986,4.8983E-08
,,,2023-05-18 20:35:41.626,4.9175E-08
,,,2023-05-18 20:35:42.263,5.0922E-08
,,,2023-05-18 20:35:42.906,5.0262E-08
,,,2023-05-18 20:35:43.544,4.9246E-08
,,,2023-05-18 20:35:44.188,4.9858E-08
,,,2023-05-18 20:35:44.825,5.1032E-08
,,,2023-05-18 20:35:45.465,4.8864E-08
,,,2023-05-18 20:35:46.106,4.9671E-08
,,,2023-05-18 20:35:46.740,4.9825E-08
,,,2023-05-18 20:35:47.376,4.9469E-08
,,,2023-05-18 20:35:48.015,4.8412E-08
,,,2023-05-18 20:35:48.654,4.8245E-08
,,,2023-05-18 20:35:49.296,4.7459E-08
,,,2023-05-18 20:35:49.937,4.975E-08
,,,2023-05-18 20:35:50.576,4.9368E-08
,,,2023-05-18 20:35:51.214,4.8698E-08
,,,2023-05-18 20:35:51.850,4.9327E-08
,,,2023-05-18 20:35:52.488,5.0148E-08
,,,2023-05-18 20:35:53.128,4.8845E-08
,,,2023-05-18 20:35:53.766,4.9269E-08
,,,2023-05-18 20:35:54.401,4.6799E-08
,,,2023-05-18 20:35:55.039,5.1742E-08
,,,2023-05-18 20:35:55.681,5.1093E-08
,,,2023-05-18 20:35:56.317,4.8615E-08
,,,2023-05-18 20:35:56.956,4.8657E-08
,,,2023-05-18 20:35:57.594,4.7668E-08
,,,2023-05-18 20:35:58.229,4.834E-08
,,,2023-05-18 20:35:58.861,5.0214E-08
,,,2023-05-18 20:35:59.502,5.0388E-08
,,,2023-05-18 20:36:00.137,4.8885E-08
,,,2023-05-18 20:36:00.772,4.8318E-08
,,,2023-05-18 20:36:01.417,5.0241E-08
,,,2023-05-18 20:36:02.055,4.972E-08
,,,2023-05-18 20:36:02.693,5.0177E-08
,,,2023-05-18 20:36:03.336,4.8529E-08
,,,2023-05-18 20:36:03.976,4.8725E-08
,,,2023-05-18 20:36:04.619,5.0763E-08
,,,2023-05-18 20:36:05.258,4.9471E-08
,,,2023-05-18 20:36:05.899,4.7941E-08
,,,2023-05-18 20:36:06.535,5.0788E-08
,,,2023-05-18 20:36:07.176,5.1026E-08
,,,2023-05-18 20:36:07.815,4.8708E-08
,,,2023-05-18 20:36:08.453,5.1651E-08
,,,2023-05-18 20:36:09.096,5.0457E-08
,,,2023-05-18 20:36:09.728,4.8149E-08
,,,2023-05-18 20:36:10.367,4.9671E-08
,,,2023-05-18 20:36:11.011,5.0154E-08
,,,2023-05-18 20:36:11.650,5.1055E-08
,,,2023-05-18 20:36:12.292,5.0233E-08
,,,2023-05-18 20:36:12.927,5.0458E-08
,,,2023-05-18 20:36:13.566,5.0995E-08
,,,2023-05-18 20:36:14.204,4.9204E-08
,,,2023-05-18 20:36:14.835,4.9285E-08
,,,2023-05-18 20:36:15.473,4.9291E-08
,,,2023-05-18 20:36:16.114,5.0557E-08
,,,2023-05-18 20:36:16.752,5.0767E-08
,,,2023-05-18 20:36:17.391,4.9965E-08
,,,2023-05-18 20:36:18.034,5.2533E-08
,,,2023-05-18 20:36:18.668,4.9446E-08
,,,2023-05-18 20:36:19.305,5.1459E-08
,,,2023-05-18 20:36:19.940,4.7038E-08
,,,2023-05-18 20:36:20.571,4.9308E-08
,,,2023-05-18 20:36:21.213,4.864E-08
,,,2023-05-18 20:36:21.854,5.0533E-08
,,,2023-05-18 20:36:22.496,5.2336E-08
,,,2023-05-18 20:36:23.137,4.9827E-08
,,,2023-05-18 20:36:23.777,4.8263E-08
,,,2023-05-18 20:36:24.413,4.7372E-08
,,,2023-05-18 20:36:25.057,5.0745E-08
,,,2023-05-18 20:36:25.696,4.9948E-08
,,,2023-05-18 20:36:26.339,5.1126E-08
,,,2023-05-18 20:36:26.978,4.847E-08
,,,2023-05-18 20:36:27.616,5.0157E-08
,,,2023-05-18 20:36:28.256,4.7709E-08
,,,2023-05-18 20:36:28.899,4.8347E-08
,,,2023-05-18 20:36:29.535,4.9331E-08
,,,2023-05-18 20:36:30.178,5.1284E-08
,,,2023-05-18 20:36:30.818,5.1379E-08
,,,2023-05-18 20:36:31.457,4.9311E-08
,,,2023-05-18 20:36:32.095,5.1224E-08
,,,2023-05-18 20:36:32.734,4.9833E-08
,,,2023-05-18 20:36:33.371,4.75E-08
,,,2023-05-18 20:36:34.014,4.9523E-08
,,,2023-05-18 20:36:34.651,5.1229E-08
,,,2023-05-18 20:36:35.278,5.0163E-08
,,,2023-05-18 20:36:35.909,4.9294E-08
,,,2023-05-18 20:36:36.549,4.7067E-08
,,,2023-05-18 20:36:37.173,5.1111E-08
,,,2023-05-18 20:36:37.809,4.9592E-08
,,,2023-05-18 20:36:38.447,4.9229E-08
,,,2023-05-18 20:36:39.090,4.9749E-08
,,,2023-05-18 20:36:39.725,4.9421E-08
,,,2023-05-18 20:36:40.360,4.9954E-08
,,,2023-05-18 20:36:40.991,5.1707E-08
,,,2023-05-18 20:36:41.638,5.031E-08
,,,2023-05-18 20:36:42.274,4.9572E-08
,,,2023-05-18 20:36:42.912,4.9399E-08
,,,2023-05-18 20:36:43.554,4.8776E-08
,,,2023-05-18 20:36:44.192,4.9038E-08
,,,2023-05-18 20:36:44.830,4.775E-08
,,,2023-05-18 20:36:45.472,5.2102E-08
,,,2023-05-18 20:36:46.115,4.9776E-08
,,,2023-05-18 20:36:46.755,4.9249E-08
,,,2023-05-18 20:36:47.401,5.1105E-08
,,,2023-05-18 20:36:48.039,4.9114E-08
,,,2023-05-18 20:36:48.677,4.8616E-08
,,,2023-05-18 20:36:49.320,4.857E-08
,,,2023-05-18 20:36:49.956,5.0538E-08
,,,2023-05-18 20:36:50.593,5.0214E-08
,,,2023-05-18 20:36:51.236,5.0578E-08
,,,2023-05-18 20:36:51.872,4.7407E-08
,,,2023-05-18 20:36:52.508,4.9956E-08
,,,2023-05-18 20:36:53.151,4.9241E-08
,,,2023-05-18 20:36:53.787,4.9169E-08
,,,2023-05-18 20:36:54.429,4.9492E-08
,,,2023-05-18 20:36:55.068,4.9858E-08
,,,2023-05-18 20:36:55.712,5.0217E-08
,,,2023-05-18 20:36:56.351,5.077E-08
,,,2023-05-18 20:36:56.986,4.7848E-08
,,,2023-05-18 20:36:57.630,4.8314E-08
,,,2023-05-18 20:36:58.269,4.9652E-08
,,,2023-05-18 20:36:58.909,5.0595E-08
,,,2023-05-18 20:36:59.550,4.993E-08
,,,2023-05-18 20:37:00.191,5.0181E-08
,,,2023-05-18 20:37:00.831,4.9434E-08
,,,2023-05-18 20:37:01.469,4.9216E-08
,,,2023-05-18 20:37:02.109,5.1614E-08
,,,2023-05-18 20:37:02.751,5.088E-08
,,,2023-05-18 20:37:03.389,4.9401E-08
,,,2023-05-18 20:37:04.029,4.7739E-08
,,,2023-05-18 20:37:04.667,5.0187E-08
,,,2023-05-18 20:37:05.305,5.1E-08
,,,2023-05-18 20:37:05.949,4.895E-08
,,,2023-05-18 20:37:06.590,4.9484E-08
,,,2023-05-18 20:37:07.233,5.078E-08
,,,2023-05-18 20:37:07.870,4.9323E-08
,,,2023-05-18 20:37:08.512,4.9431E-08
,,,2023-05-18 20:37:09.151,5.0579E-08
,,,2023-05-18 20:37:09.794,4.8889E-08
,,,2023-05-18 20:37:10.431,4.976E-08
,,,2023-05-18 20:37:11.071,4.9131E-08
,,,2023-05-18 20:37:11.710,5.0782E-08
,,,2023-05-18 20:37:12.349,4.9623E-08
,,,2023-05-18 20:37:12.993,5.1378E-08
,,,2023-05-18 20:37:13.629,4.8571E-08
,,,2023-05-18 20:37:14.267,4.7403E-08
,,,2023-05-18 20:37:14.906,5.2699E-08
,,,2023-05-18 20:37:15.548,4.8083E-08
,,,2023-05-18 20:37:16.185,5.2341E-08
,,,2023-05-18 20:37:16.825,5.1071E-08
,,,2023-05-18 20:37:17.464,4.9255E-08
,,,2023-05-18 20:37:18.105,5.0192E-08
,,,2023-05-18 20:37:18.739,5.1109E-08
,,,2023-05-18 20:37:19.373,4.9431E-08
,,,2023-05-18 20:37:20.008,5.1035E-08
,,,2023-05-18 20:37:20.663,4.9874E-08
,,,2023-05-18 20:37:21.296,4.9633E-08
,,,2023-05-18 20:37:21.929,4.9053E-08
,,,2023-05-18 20:37:22.570,5.0867E-08
,,,2023-05-18 20:37:23.211,5.1741E-08
,,,2023-05-18 20:37:23.850,4.9993E-08
,,,2023-05-18 20:37:24.490,5.1008E-08
,,,2023-05-18 20:37:25.125,5.0864E-08
,,,2023-05-18 20:37:25.765,4.9808E-08
,,,2023-05-18 20:37:26.409,4.9345E-08
,,,2023-05-18 20:37:27.048,5.0461E-08
,,,2023-05-18 20:37:27.693,5.1095E-08
,,,2023-05-18 20:37:28.338,5.0466E-08
,,,2023-05-18 20:37:28.969,4.9283E-08
,,,2023-05-18 20:37:29.608,4.8037E-08
,,,2023-05-18 20:37:30.255,4.8261E-08
,,,2023-05-18 20:37:30.893,4.8846E-08
,,,2023-05-18 20:37:31.538,4.9517E-08
,,,2023-05-18 20:37:32.177,4.961E-08
,,,2023-05-18 20:37:32.818,5.0546E-08
,,,2023-05-18 20:37:33.456,4.8976E-08
,,,2023-05-18 20:37:34.101,4.9844E-08
,,,2023-05-18 20:37:34.736,4.9028E-08
,,,2023-05-18 20:37:35.366,4.8384E-08
,,,2023-05-18 20:37:35.999,4.9261E-08
,,,2023-05-18 20:37:36.637,5.0258E-08
,,,2023-05-18 20:37:37.262,5.0965E-08
,,,2023-05-18 20:37:37.906,5.169E-08
,,,2023-05-18 20:37:38.551,4.8901E-08
,,,2023-05-18 20:37:39.187,5.115E-08
,,,2023-05-18 20:37:39.821,4.9474E-08
,,,2023-05-18 20:37:40.460,5.1115E-08
,,,2023-05-18 20:37:41.092,5.0247E-08
,,,2023-05-18 20:37:41.732,4.9601E-08
,,,2023-05-18 20:37:42.375,4.9548E-08
,,,2023-05-18 20:37:43.018,4.9938E-08
,,,2023-05-18 20:37:43.654,4.9724E-08
,,,2023-05-18 20:37:44.296,5.169E-08
,,,2023-05-18 20:37:44.936,4.7938E-08
,,,2023-05-18 20:37:45.573,4.787E-08
,,,2023-05-18 20:37:46.217,4.9841E-08
,,,2023-05-18 20:37:46.856,4.8223E-08
,,,2023-05-18 20:37:47.497,5.0504E-08
,,,2023-05-18 20:37:48.134,4.9266E-08
,,,2023-05-18 20:37:48.771,4.9247E-08
,,,2023-05-18 20:37:49.407,4.854E-08
,,,2023-05-18 20:37:50.045,4.9666E-08
,,,2023-05-18 20:37:50.686,5.0092E-08
,,,2023-05-18 20:37:51.326,5.1401E-08
,,,2023-05-18 20:37:51.960,5.0821E-08
,,,2023-05-18 20:37:52.601,5.1737E-08
,,,2023-05-18 20:37:53.238,4.8809E-08
,,,2023-05-18 20:37:53.880,5.0059E-08
,,,2023-05-18 20:37:54.515,4.9274E-08
,,,2023-05-18 20:37:55.155,5.051E-08
,,,2023-05-18 20:37:55.792,4.8969E-08
,,,2023-05-18 20:37:56.434,4.9619E-08
,,,2023-05-18 20:37:57.071,4.8816E-08
,,,2023-05-18 20:37:57.710,5.1498E-08
,,,2023-05-18 20:37:58.350,5.2324E-08
,,,2023-05-18 20:37:58.991,4.8991E-08
,,,2023-05-18 20:37:59.632,5.1707E-08
,,,2023-05-18 20:38:00.268,4.8282E-08
,,,2023-05-18 20:38:00.907,4.8698E-08
,,,2023-05-18 20:38:01.547,4.9607E-08
,,,2023-05-18 20:38:02.186,5.2001E-08
,,,2023-05-18 20:38:02.829,4.8256E-08
,,,2023-05-18 20:38:03.472,4.9335E-08
,,,2023-05-18 20:38:04.115,5.0475E-08
,,,2023-05-18 20:38:04.753,4.8711E-08
,,,2023-05-18 20:38:05.390,4.9677E-08
,,,2023-05-18 20:38:06.032,5.0446E-08
,,,2023-05-18 20:38:06.670,4.8011E-08
,,,2023-05-18 20:38:07.314,4.8555E-08
,,,2023-05-18 20:38:07.947,4.8643E-08
,,,2023-05-18 20:38:08.586,4.7642E-08
,,,2023-05-18 20:38:09.226,5.2497E-08
,,,2023-05-18 20:38:09.864,4.9856E-08
,,,2023-05-18 20:38:10.498,5.049E-08
,,,2023-05-18 20:38:11.137,5.05E-08
,,,2023-05-18 20:38:11.779,5.0999E-08
,,,2023-05-18 20:38:12.415,5.0247E-08
,,,2023-05-18 20:38:13.052,5.0256E-08
,,,2023-05-18 20:38:13.693,5.0251E-08
,,,2023-05-18 20:38:14.333,5.0397E-08
,,,2023-05-18 20:38:14.972,5.1555E-08
,,,2023-05-18 20:38:15.614,4.9896E-08
,,,2023-05-18 20:38:16.253,5.2668E-08
,,,2023-05-18 20:38:16.889,4.7739E-08
,,,2023-05-18 20:38:17.529,4.9597E-08
,,,2023-05-18 20:38:18.171,4.9112E-08
,,,2023-05-18 20:38:18.802,4.8081E-08
,,,2023-05-18 20:38:19.441,5.0489E-08
,,,2023-05-18 20:38:20.081,5.1627E-08
,,,2023-05-18 20:38:20.710,4.9659E-08
,,,2023-05-18 20:38:21.354,4.893E-08
,,,2023-05-18 20:38:21.993,4.8913E-08
,,,2023-05-18 20:38:22.639,5.1103E-08
,,,2023-05-18 20:38:23.280,4.9969E-08
,,,2023-05-18 20:38:23.921,4.8525E-08
,,,2023-05-18 20:38:24.557,4.9313E-08
,,,2023-05-18 20:38:25.188,5.0198E-08
,,,2023-05-18 20:38:25.823,5.0767E-08
,,,2023-05-18 20:38:26.465,4.8575E-08
,,,2023-05-18 20:38:27.106,5.1191E-08
,,,2023-05-18 20:38:27.747,4.8337E-08
,,,2023-05-18 20:38:28.385,5.2009E-08
,,,2023-05-18 20:38:29.027,4.9858E-08
,,,2023-05-18 20:38:29.664,5.047E-08
,,,2023-05-18 20:38:30.305,5.1136E-08
,,,2023-05-18 20:38:30.945,4.6094E-08
,,,2023-05-18 20:38:31.585,4.9372E-08
,,,2023-05-18 20:38:32.235,5.0645E-08
,,,2023-05-18 20:38:32.876,4.9559E-08
,,,2023-05-18 20:38:33.519,4.9883E-08
,,,2023-05-18 20:38:34.157,5.0391E-08
,,,2023-05-18 20:38:34.790,4.7665E-08
,,,2023-05-18 20:38:35.421,4.8651E-08
,,,2023-05-18 20:38:36.051,4.756E-08
,,,2023-05-18 20:38:36.686,5.2832E-08
,,,2023-05-18 20:38:37.320,5.0264E-08
,,,2023-05-18 20:38:37.966,5.1259E-08
,,,2023-05-18 20:38:38.609,5E-08
,,,2023-05-18 20:38:39.249,4.8593E-08
,,,2023-05-18 20:38:39.889,5.1807E-08
,,,2023-05-18 20:38:40.521,4.8885E-08
,,,2023-05-18 20:38:41.156,4.8839E-08
,,,2023-05-18 20:38:41.797,5.1175E-08
,,,2023-05-18 20:38:42.436,4.9251E-08
,,,2023-05-18 20:38:43.075,5.0166E-08
,,,2023-05-18 20:38:43.708,4.9623E-08
,,,2023-05-18 20:38:44.350,4.9835E-08
,,,2023-05-18 20:38:44.993,4.6998E-08
,,,2023-05-18 20:38:45.639,5.0734E-08
,,,2023-05-18 20:38:46.281,4.9545E-08
,,,2023-05-18 20:38:46.923,4.9842E-08
,,,2023-05-18 20:38:47.566,4.926E-08
,,,2023-05-18 20:38:48.206,4.9507E-08
,,,2023-05-18 20:38:48.846,4.9848E-08
,,,2023-05-18 20:38:49.488,4.9645E-08
,,,2023-05-18 20:38:50.129,4.9127E-08
,,,2023-05-18 20:38:50.770,4.9301E-08
,,,2023-05-18 20:38:51.412,4.6826E-08
,,,2023-05-18 20:38:52.048,4.9364E-08
,,,2023-05-18 20:38:52.692,4.9316E-08
,,,2023-05-18 20:38:53.331,4.877E-08
,,,2023-05-18 20:38:53.967,5.1437E-08
,,,2023-05-18 20:38:54.610,4.8465E-08
,,,2023-05-18 20:38:55.253,5.0519E-08
,,,2023-05-18 20:38:55.894,4.9844E-08
,,,2023-05-18 20:38:56.535,4.9899E-08
,,,2023-05-18 20:38:57.172,5.0635E-08
,,,2023-05-18 20:38:57.812,5.0151E-08
,,,2023-05-18 20:38:58.453,5.0157E-08
,,,2023-05-18 20:38:59.095,4.7622E-08
,,,2023-05-18 20:38:59.736,5.0257E-08
,,,2023-05-18 20:39:00.374,5.0065E-08
,,,2023-05-18 20:39:01.010,5.0508E-08
,,,2023-05-18 20:39:01.645,5.0185E-08
,,,2023-05-18 20:39:02.288,5.1129E-08
,,,2023-05-18 20:39:02.929,5.0165E-08
,,,2023-05-18 20:39:03.568,4.956E-08
,,,2023-05-18 20:39:04.207,5.0622E-08
,,,2023-05-18 20:39:04.846,4.9519E-08
,,,2023-05-18 20:39:05.484,4.7739E-08
,,,2023-05-18 20:39:06.125,4.9637E-08
,,,2023-05-18 20:39:06.768,5.0769E-08
,,,2023-05-18 20:39:07.404,4.7832E-08
,,,2023-05-18 20:39:08.044,5.1089E-08
,,,2023-05-18 20:39:08.684,4.9702E-08
,,,2023-05-18 20:39:09.322,4.9583E-08
,,,2023-05-18 20:39:09.959,5.1595E-08
,,,2023-05-18 20:39:10.599,5.0098E-08
,,,2023-05-18 20:39:11.240,4.8551E-08
,,,2023-05-18 20:39:11.877,4.8823E-08
,,,2023-05-18 20:39:12.515,4.9802E-08
,,,2023-05-18 20:39:13.155,4.931E-08
,,,2023-05-18 20:39:13.790,5.0201E-08
,,,2023-05-18 20:39:14.428,4.7975E-08
,,,2023-05-18 20:39:15.061,4.6447E-08
,,,2023-05-18 20:39:15.701,4.9627E-08
,,,2023-05-18 20:39:16.339,5.0419E-08
,,,2023-05-18 20:39:16.982,4.9544E-08
,,,2023-05-18 20:39:17.623,4.9368E-08
,,,2023-05-18 20:39:18.260,4.9053E-08
,,,2023-05-18 20:39:18.900,5.0195E-08
,,,2023-05-18 20:39:19.539,4.836E-08
,,,2023-05-18 20:39:20.168,4.8474E-08
,,,2023-05-18 20:39:20.803,4.8643E-08
,,,2023-05-18 20:39:21.440,4.902E-08
,,,2023-05-18 20:39:22.084,4.8941E-08
,,,2023-05-18 20:39:22.727,4.8616E-08
,,,2023-05-18 20:39:23.367,5.0596E-08
,,,2023-05-18 20:39:24.004,4.9651E-08
,,,2023-05-18 20:39:24.644,4.8782E-08
,,,2023-05-18 20:39:25.286,5.0056E-08
,,,2023-05-18 20:39:25.924,5.0195E-08
,,,2023-05-18 20:39:26.562,5.1924E-08
,,,2023-05-18 20:39:27.203,4.9607E-08
,,,2023-05-18 20:39:27.845,4.7407E-08
,,,2023-05-18 20:39:28.485,4.9896E-08
,,,2023-05-18 20:39:29.121,5.0599E-08
,,,2023-05-18 20:39:29.759,5.0884E-08
,,,2023-05-18 20:39:30.401,4.7963E-08
,,,2023-05-18 20:39:31.042,4.8864E-08
,,,2023-05-18 20:39:31.679,4.8469E-08
,,,2023-05-18 20:39:32.319,4.9574E-08
,,,2023-05-18 20:39:32.959,5.1075E-08
,,,2023-05-18 20:39:33.592,5.0597E-08
,,,2023-05-18 20:39:34.231,4.855E-08
,,,2023-05-18 20:39:34.867,4.965E-08
,,,2023-05-18 20:39:35.493,4.7663E-08
,,,2023-05-18 20:39:36.129,5.0882E-08
,,,2023-05-18 20:39:36.766,5.0185E-08
,,,2023-05-18 20:39:37.388,4.8481E-08
,,,2023-05-18 20:39:38.030,5.1597E-08
,,,2023-05-18 20:39:38.667,4.7944E-08
,,,2023-05-18 20:39:39.302,4.8588E-08
,,,2023-05-18 20:39:39.946,5.2693E-08
,,,2023-05-18 20:39:40.582,4.9835E-08
,,,2023-05-18 20:39:41.215,4.7198E-08
,,,2023-05-18 20:39:41.853,4.993E-08
,,,2023-05-18 20:39:42.494,5.0333E-08
,,,2023-05-18 20:39:43.131,4.9187E-08
,,,2023-05-18 20:39:43.765,5.1103E-08
,,,2023-05-18 20:39:44.405,5.0882E-08
,,,2023-05-18 20:39:45.045,5.0249E-08
,,,2023-05-18 20:39:45.680,4.8572E-08
,,,2023-05-18 20:39:46.314,5.1274E-08
,,,2023-05-18 20:39:46.957,4.8647E-08
,,,2023-05-18 20:39:47.597,4.8435E-08
,,,2023-05-18 20:39:48.234,4.8859E-08
,,,2023-05-18 20:39:48.878,5.2083E-08
,,,2023-05-18 20:39:49.518,4.9896E-08
,,,2023-05-18 20:39:50.156,5.1161E-08
,,,2023-05-18 20:39:50.790,4.9603E-08
,,,2023-05-18 20:39:51.427,5.0197E-08
,,,2023-05-18 20:39:52.068,5.0182E-08
,,,2023-05-18 20:39:52.708,4.9239E-08
,,,2023-05-18 20:39:53.347,5.0012E-08
,,,2023-05-18 20:39:53.984,4.6946E-08
,,,2023-05-18 20:39:54.624,4.9594E-08
,,,2023-05-18 20:39:55.258,5.1172E-08
,,,2023-05-18 20:39:55.900,4.9386E-08
,,,2023-05-18 20:39:56.542,4.9974E-08
,,,2023-05-18 20:39:57.179,5.2043E-08
,,,2023-05-18 20:39:57.821,4.8736E-08
,,,2023-05-18 20:39:58.458,4.9496E-08
,,,2023-05-18 20:39:59.093,4.9835E-08
,,,2023-05-18 20:39:59.733,4.9459E-08
,,,2023-05-18 20:40:00.376,4.7685E-08
,,,2023-05-18 20:40:01.013,5.1511E-08
,,,2023-05-18 20:40:01.649,4.9118E-08
,,,2023-05-18 20:40:02.284,4.9794E-08
,,,2023-05-18 20:40:02.923,5.0201E-08
,,,2023-05-18 20:40:03.563,5.0388E-08
,,,2023-05-18 20:40:04.205,5.0172E-08
,,,2023-05-18 20:40:04.850,4.798E-08
,,,2023-05-18 20:40:05.488,5.0192E-08
,,,2023-05-18 20:40:06.125,4.9255E-08
,,,2023-05-18 20:40:06.768,5.1107E-08
,,,2023-05-18 20:40:07.405,5.0489E-08
,,,2023-05-18 20:40:08.043,5.0041E-08
,,,2023-05-18 20:40:08.687,5.01E-08
,,,2023-05-18 20:40:09.322,5.064E-08
,,,2023-05-18 20:40:09.958,5.0151E-08
,,,2023-05-18 20:40:10.599,4.9446E-08
,,,2023-05-18 20:40:11.237,4.9372E-08
,,,2023-05-18 20:40:11.874,4.8629E-08
,,,2023-05-18 20:40:12.514,4.886E-08
,,,2023-05-18 20:40:13.153,5.2756E-08
,,,2023-05-18 20:40:13.786,4.7919E-08
,,,2023-05-18 20:40:14.422,4.6532E-08
,,,2023-05-18 20:40:15.062,5.0448E-08
,,,2023-05-18 20:40:15.702,5.0863E-08
,,,2023-05-18 20:40:16.346,5.1855E-08
,,,2023-05-18 20:40:16.987,5.0779E-08
,,,2023-05-18 20:40:17.623,4.8032E-08
,,,2023-05-18 20:40:18.261,4.8196E-08
,,,2023-05-18 20:40:18.898,5.0104E-08
,,,2023-05-18 20:40:19.538,5.0702E-08
,,,2023-05-18 20:40:20.177,4.7413E-08
,,,2023-05-18 20:40:20.813,5.1332E-08
,,,2023-05-18 20:40:21.450,5.1174E-08
,,,2023-05-18 20:40:22.091,4.7341E-08
,,,2023-05-18 20:40:22.734,5.0832E-08
,,,2023-05-18 20:40:23.368,4.895E-08
,,,2023-05-18 20:40:24.015,4.9763E-08
,,,2023-05-18 20:40:24.651,5.1127E-08
,,,2023-05-18 20:40:25.285,5.0208E-08
,,,2023-05-18 20:40:25.923,4.7107E-08
,,,2023-05-18 20:40:26.563,5.1674E-08
,,,2023-05-18 20:40:27.199,5.147E-08
,,,2023-05-18 20:40:27.839,5.0753E-08
,,,2023-05-18 20:40:28.480,5.0977E-08
,,,2023-05-18 20:40:29.118,4.9023E-08
,,,2023-05-18 20:40:29.756,5.0466E-08
,,,2023-05-18 20:40:30.398,4.8892E-08
,,,2023-05-18 20:40:31.037,5.153E-08
,,,2023-05-18 20:40:31.667,4.9649E-08
,,,2023-05-18 20:40:32.302,4.9225E-08
,,,2023-05-18 20:40:32.948,5.0885E-08
,,,2023-05-18 20:40:33.585,5.0687E-08
,,,2023-05-18 20:40:34.221,5.2748E-08
,,,2023-05-18 20:40:34.856,5.0203E-08
,,,2023-05-18 20:40:35.483,4.8813E-08
,,,2023-05-18 20:40:36.115,4.9561E-08
,,,2023-05-18 20:40:36.756,4.6929E-08
,,,2023-05-18 20:40:37.396,4.9831E-08
,,,2023-05-18 20:40:38.019,4.8954E-08
,,,2023-05-18 20:40:38.661,5.0089E-08
,,,2023-05-18 20:40:39.303,4.9198E-08
,,,2023-05-18 20:40:39.941,5.1031E-08
,,,2023-05-18 20:40:40.581,4.9872E-08
,,,2023-05-18 20:40:41.211,4.877E-08
,,,2023-05-18 20:40:41.848,4.8304E-08
,,,2023-05-18 20:40:42.492,4.891E-08
,,,2023-05-18 20:40:43.130,5.0516E-08
,,,2023-05-18 20:40:43.763,4.7709E-08
,,,2023-05-18 20:40:44.406,4.934E-08
,,,2023-05-18 20:40:45.043,4.98E-08
,,,2023-05-18 20:40:45.678,5.15E-08
,,,2023-05-18 20:40:46.314,5.1956E-08
,,,2023-05-18 20:40:46.953,4.8624E-08
,,,2023-05-18 20:40:47.592,4.8603E-08
,,,2023-05-18 20:40:48.224,5.0756E-08
,,,2023-05-18 20:40:48.862,4.9658E-08
,,,2023-05-18 20:40:49.500,4.9576E-08
,,,2023-05-18 20:40:50.136,5.0725E-08
,,,2023-05-18 20:40:50.773,4.9108E-08
,,,2023-05-18 20:40:51.412,5.2167E-08
,,,2023-05-18 20:40:52.047,5.0491E-08
,,,2023-05-18 20:40:52.690,4.9756E-08
,,,2023-05-18 20:40:53.329,4.9381E-08
,,,2023-05-18 20:40:53.963,4.9136E-08
,,,2023-05-18 20:40:54.608,4.8239E-08
,,,2023-05-18 20:40:55.254,4.7765E-08
,,,2023-05-18 20:40:55.891,5.1899E-08
,,,2023-05-18 20:40:56.535,5.0547E-08
,,,2023-05-18 20:40:57.173,5.119E-08
,,,2023-05-18 20:40:57.810,5.0104E-08
,,,2023-05-18 20:40:58.450,5.0444E-08
,,,2023-05-18 20:40:59.090,4.7E-08
,,,2023-05-18 20:40:59.726,4.7725E-08
,,,2023-05-18 20:41:00.371,5.0204E-08
,,,2023-05-18 20:41:01.010,5.0599E-08
,,,2023-05-18 20:41:01.648,5.0472E-08
,,,2023-05-18 20:41:02.287,5.115E-08
,,,2023-05-18 20:41:02.931,5.1238E-08
,,,2023-05-18 20:41:03.571,4.9957E-08
,,,2023-05-18 20:41:04.213,4.9965E-08
,,,2023-05-18 20:41:04.854,5.0568E-08
,,,2023-05-18 20:41:05.498,4.9681E-08
,,,2023-05-18 20:41:06.134,5.1172E-08
,,,2023-05-18 20:41:06.772,5.0443E-08
,,,2023-05-18 20:41:07.411,4.9804E-08
,,,2023-05-18 20:41:08.052,5.0337E-08
,,,2023-05-18 20:41:08.693,4.8394E-08
,,,2023-05-18 20:41:09.334,5.2359E-08
,,,2023-05-18 20:41:09.973,5.1357E-08
,,,2023-05-18 20:41:10.612,4.8994E-08
,,,2023-05-18 20:41:11.252,4.8192E-08
,,,2023-05-18 20:41:11.892,4.993E-08
,,,2023-05-18 20:41:12.534,4.9255E-08
,,,2023-05-18 20:41:13.173,4.9219E-08
,,,2023-05-18 20:41:13.807,4.9633E-08
,,,2023-05-18 20:41:14.447,5.0829E-08
,,,2023-05-18 20:41:15.085,4.9332E-08
,,,2023-05-18 20:41:15.717,5.1234E-08
,,,2023-05-18 20:41:16.359,5.1385E-08
,,,2023-05-18 20:41:17.001,5.1127E-08
,,,2023-05-18 20:41:17.636,4.9408E-08
,,,2023-05-18 20:41:18.273,5.0154E-08
,,,2023-05-18 20:41:18.914,4.8348E-08
,,,2023-05-18 20:41:19.553,5.0143E-08
,,,2023-05-18 20:41:20.191,4.9783E-08
,,,2023-05-18 20:41:20.822,4.9861E-08
,,,2023-05-18 20:41:21.462,4.8321E-08
,,,2023-05-18 20:41:22.102,4.9768E-08
,,,2023-05-18 20:41:22.740,4.939E-08
,,,2023-05-18 20:41:23.379,5.0227E-08
,,,2023-05-18 20:41:24.018,4.9604E-08
,,,2023-05-18 20:41:24.660,4.7073E-08
,,,2023-05-18 20:41:25.297,4.9742E-08
,,,2023-05-18 20:41:25.936,4.806E-08
,,,2023-05-18 20:41:26.573,4.9554E-08
,,,2023-05-18 20:41:27.212,5.1552E-08
,,,2023-05-18 20:41:27.854,5.0107E-08
,,,2023-05-18 20:41:28.492,4.9097E-08
,,,2023-05-18 20:41:29.130,5.0363E-08
,,,2023-05-18 20:41:29.768,4.9584E-08
,,,2023-05-18 20:41:30.403,4.8729E-08
,,,2023-05-18 20:41:31.046,4.9258E-08
,,,2023-05-18 20:41:31.685,5.0767E-08
,,,2023-05-18 20:41:32.325,4.8358E-08
,,,2023-05-18 20:41:32.965,5.089E-08
,,,2023-05-18 20:41:33.601,4.8386E-08
,,,2023-05-18 20:41:34.239,4.766E-08
,,,2023-05-18 20:41:34.874,4.7732E-08
,,,2023-05-18 20:41:35.524,5.0944E-08
,,,2023-05-18 20:41:36.153,4.8921E-08
,,,2023-05-18 20:41:36.793,4.9045E-08
,,,2023-05-18 20:41:37.426,5.2403E-08
,,,2023-05-18 20:41:38.048,5.0622E-08
,,,2023-05-18 20:41:38.690,4.9534E-08
,,,2023-05-18 20:41:39.326,4.9604E-08
,,,2023-05-18 20:41:39.967,5.1006E-08
,,,2023-05-18 20:41:40.608,4.9493E-08
,,,2023-05-18 20:41:41.243,5.0464E-08
,,,2023-05-18 20:41:41.879,4.9803E-08
,,,2023-05-18 20:41:42.519,5.1157E-08
,,,2023-05-18 20:41:43.156,4.9188E-08
,,,2023-05-18 20:41:43.795,5.0328E-08
,,,2023-05-18 20:41:44.438,5.0182E-08
,,,2023-05-18 20:41:45.075,4.8108E-08
,,,2023-05-18 20:41:45.712,5.0303E-08
,,,2023-05-18 20:41:46.347,5.0368E-08
,,,2023-05-18 20:41:46.984,5.1779E-08
,,,2023-05-18 20:41:47.623,4.7285E-08
,,,2023-05-18 20:41:48.262,5.1588E-08
,,,2023-05-18 20:41:48.897,5.0499E-08
,,,2023-05-18 20:41:49.540,5.0124E-08
,,,2023-05-18 20:41:50.182,4.7344E-08
,,,2023-05-18 20:41:50.820,5.1713E-08
,,,2023-05-18 20:41:51.466,4.9416E-08
,,,2023-05-18 20:41:52.102,4.9297E-08
,,,2023-05-18 20:41:52.743,4.9517E-08
,,,2023-05-18 20:41:53.382,4.9337E-08
,,,2023-05-18 20:41:54.018,5.1576E-08
,,,2023-05-18 20:41:54.656,4.8039E-08
,,,2023-05-18 20:41:55.301,5.046E-08
,,,2023-05-18 20:41:55.944,4.8342E-08
,,,2023-05-18 20:41:56.583,4.7576E-08
,,,2023-05-18 20:41:57.223,4.7051E-08
,,,2023-05-18 20:41:57.864,5.0222E-08
,,,2023-05-18 20:41:58.512,5.0193E-08
,,,2023-05-18 20:41:59.153,5.0208E-08
,,,2023-05-18 20:41:59.798,5.0962E-08
,,,2023-05-18 20:42:00.438,4.9194E-08
,,,2023-05-18 20:42:01.073,4.9885E-08
,,,2023-05-18 20:42:01.710,4.8224E-08
,,,2023-05-18 20:42:02.355,4.957E-08
,,,2023-05-18 20:42:02.991,4.8812E-08
,,,2023-05-18 20:42:03.634,4.9059E-08
,,,2023-05-18 20:42:04.276,4.6861E-08
,,,2023-05-18 20:42:04.915,5.0544E-08
,,,2023-05-18 20:42:05.557,4.8831E-08
,,,2023-05-18 20:42:06.201,5.0526E-08
,,,2023-05-18 20:42:06.835,4.965E-08
,,,2023-05-18 20:42:07.478,5.0561E-08
,,,2023-05-18 20:42:08.115,5.0286E-08
,,,2023-05-18 20:42:08.751,5.0785E-08
,,,2023-05-18 20:42:09.392,4.8696E-08
,,,2023-05-18 20:42:10.032,4.9306E-08
,,,2023-05-18 20:42:10.676,4.9161E-08
,,,2023-05-18 20:42:11.317,5.0844E-08
,,,2023-05-18 20:42:11.955,4.9706E-08
,,,2023-05-18 20:42:12.597,4.9633E-08
,,,2023-05-18 20:42:13.233,5.0151E-08
,,,2023-05-18 20:42:13.867,4.8695E-08
,,,2023-05-18 20:42:14.512,5.0323E-08
,,,2023-05-18 20:42:15.150,5.0328E-08
,,,2023-05-18 20:42:15.795,4.823E-08
,,,2023-05-18 20:42:16.431,4.9819E-08
,,,2023-05-18 20:42:17.073,4.9288E-08
,,,2023-05-18 20:42:17.710,4.7305E-08
,,,2023-05-18 20:42:18.350,5.0842E-08
,,,2023-05-18 20:42:18.984,4.9688E-08
,,,2023-05-18 20:42:19.629,4.8434E-08
,,,2023-05-18 20:42:20.267,5.1775E-08
,,,2023-05-18 20:42:20.898,4.9963E-08
,,,2023-05-18 20:42:21.537,4.8422E-08
,,,2023-05-18 20:42:22.179,4.9327E-08
,,,2023-05-18 20:42:22.818,4.8644E-08
,,,2023-05-18 20:42:23.454,4.8696E-08
,,,2023-05-18 20:42:24.094,5.0725E-08
,,,2023-05-18 20:42:24.730,5.1311E-08
,,,2023-05-18 20:42:25.369,4.8021E-08
,,,2023-05-18 20:42:26.004,4.939E-08
,,,2023-05-18 20:42:26.644,5.2497E-08
,,,2023-05-18 20:42:27.290,4.9171E-08
,,,2023-05-18 20:42:27.926,5.1556E-08
,,,2023-05-18 20:42:28.566,4.9902E-08
,,,2023-05-18 20:42:29.207,5.0773E-08
,,,2023-05-18 20:42:29.845,5.0165E-08
,,,2023-05-18 20:42:30.483,5.0499E-08
,,,2023-05-18 20:42:31.123,5.1498E-08
,,,2023-05-18 20:42:31.762,5.0682E-08
,,,2023-05-18 20:42:32.408,4.9738E-08
,,,2023-05-18 20:42:33.042,4.7921E-08
,,,2023-05-18 20:42:33.683,5.0773E-08
,,,2023-05-18 20:42:34.320,5.012E-08
,,,2023-05-18 20:42:34.949,5.2014E-08
,,,2023-05-18 20:42:35.580,4.8624E-08
,,,2023-05-18 20:42:36.210,4.9196E-08
,,,2023-05-18 20:42:36.846,4.9139E-08
,,,2023-05-18 20:42:37.491,4.93E-08
,,,2023-05-18 20:42:38.128,5.1881E-08
,,,2023-05-18 20:42:38.767,4.7969E-08
,,,2023-05-18 20:42:39.407,4.9869E-08
,,,2023-05-18 20:42:40.045,5.1036E-08
,,,2023-05-18 20:42:40.679,5.111E-08
,,,2023-05-18 20:42:41.323,5.0652E-08
,,,2023-05-18 20:42:41.960,5.048E-08
,,,2023-05-18 20:42:42.595,4.7713E-08
,,,2023-05-18 20:42:43.239,5.2073E-08
,,,2023-05-18 20:42:43.875,4.8606E-08
,,,2023-05-18 20:42:44.519,5.1476E-08
,,,2023-05-18 20:42:45.158,4.7075E-08
,,,2023-05-18 20:42:45.801,4.8398E-08
,,,2023-05-18 20:42:46.440,4.7662E-08
,,,2023-05-18 20:42:47.085,5.1015E-08
,,,2023-05-18 20:42:47.723,5.0096E-08
,,,2023-05-18 20:42:48.359,4.8982E-08
,,,2023-05-18 20:42:48.998,5.1435E-08
,,,2023-05-18 20:42:49.676,4.9286E-08
,,,2023-05-18 20:42:50.314,4.7537E-08
,,,2023-05-18 20:42:50.953,4.919E-08
,,,2023-05-18 20:42:51.591,4.9E-08
,,,2023-05-18 20:42:52.233,5.0244E-08
,,,2023-05-18 20:42:52.872,5.1627E-08
,,,2023-05-18 20:42:53.514,5.0248E-08
,,,2023-05-18 20:42:54.157,4.9955E-08
,,,2023-05-18 20:42:54.797,4.9114E-08
,,,2023-05-18 20:42:55.434,4.8229E-08
,,,2023-05-18 20:42:56.069,4.9149E-08
,,,2023-05-18 20:42:56.710,4.8618E-08
,,,2023-05-18 20:42:57.350,4.9087E-08
,,,2023-05-18 20:42:57.990,4.7625E-08
,,,2023-05-18 20:42:58.632,4.6431E-08
,,,2023-05-18 20:42:59.269,4.9873E-08
,,,2023-05-18 20:42:59.907,5.0773E-08
,,,2023-05-18 20:43:00.552,4.843E-08
,,,2023-05-18 20:43:01.187,5.0532E-08
,,,2023-05-18 20:43:01.828,4.932E-08
,,,2023-05-18 20:43:02.474,4.8326E-08
,,,2023-05-18 20:43:03.109,4.9364E-08
,,,2023-05-18 20:43:03.748,5.0416E-08
,,,2023-05-18 20:43:04.394,4.6639E-08
,,,2023-05-18 20:43:05.030,4.6771E-08
,,,2023-05-18 20:43:05.665,5.0015E-08
,,,2023-05-18 20:43:06.306,4.7663E-08
,,,2023-05-18 20:43:06.945,5.1865E-08
,,,2023-05-18 20:43:07.584,4.8951E-08
,,,2023-05-18 20:43:08.222,4.8612E-08
,,,2023-05-18 20:43:08.860,4.8588E-08
,,,2023-05-18 20:43:09.501,5.1814E-08
,,,2023-05-18 20:43:10.136,4.7819E-08
,,,2023-05-18 20:43:10.770,4.7316E-08
,,,2023-05-18 20:43:11.413,5.0851E-08
,,,2023-05-18 20:43:12.057,4.8884E-08
,,,2023-05-18 20:43:12.695,5.0732E-08
,,,2023-05-18 20:43:13.339,4.934E-08
,,,2023-05-18 20:43:13.979,4.9462E-08
,,,2023-05-18 20:43:14.621,4.6755E-08
,,,2023-05-18 20:43:15.259,4.8788E-08
,,,2023-05-18 20:43:15.894,4.9364E-08
,,,2023-05-18 20:43:16.537,5.0262E-08
,,,2023-05-18 20:43:17.174,4.6382E-08
,,,2023-05-18 20:43:17.810,5.1083E-08
,,,2023-05-18 20:43:18.450,5.0317E-08
,,,2023-05-18 20:43:19.095,5.0197E-08
,,,2023-05-18 20:43:19.730,5.0184E-08
,,,2023-05-18 20:43:20.375,5.0372E-08
,,,2023-05-18 20:43:21.012,4.8383E-08
,,,2023-05-18 20:43:21.653,4.8453E-08
,,,2023-05-18 20:43:22.296,5.1479E-08
,,,2023-05-18 20:43:22.932,4.9893E-08
,,,2023-05-18 20:43:23.573,4.9742E-08
,,,2023-05-18 20:43:24.215,5.0159E-08
,,,2023-05-18 20:43:24.854,5.0892E-08
,,,2023-05-18 20:43:25.487,4.9498E-08
,,,2023-05-18 20:43:26.122,5.07E-08
,,,2023-05-18 20:43:26.767,4.9381E-08
,,,2023-05-18 20:43:27.408,5.0466E-08
,,,2023-05-18 20:43:28.048,5.2127E-08
,,,2023-05-18 20:43:28.689,5.0461E-08
,,,2023-05-18 20:43:29.327,4.9407E-08
,,,2023-05-18 20:43:29.964,5.0069E-08
,,,2023-05-18 20:43:30.604,4.988E-08
,,,2023-05-18 20:43:31.246,4.9329E-08
,,,2023-05-18 20:43:31.884,5.0338E-08
,,,2023-05-18 20:43:32.520,4.8246E-08
,,,2023-05-18 20:43:33.160,4.8784E-08
,,,2023-05-18 20:43:33.799,5.0443E-08
,,,2023-05-18 20:43:34.437,4.8525E-08
,,,2023-05-18 20:43:35.076,5.0302E-08
,,,2023-05-18 20:43:35.704,5.0511E-08
,,,2023-05-18 20:43:36.337,5.0224E-08
,,,2023-05-18 20:43:36.975,5.1161E-08
,,,2023-05-18 20:43:37.614,4.9372E-08
,,,2023-05-18 20:43:38.237,5.1012E-08
,,,2023-05-18 20:43:38.874,5.0573E-08
,,,2023-05-18 20:43:39.516,4.9969E-08
,,,2023-05-18 20:43:40.151,4.9922E-08
,,,2023-05-18 20:43:40.787,5.085E-08
,,,2023-05-18 20:43:41.428,5.1298E-08
,,,2023-05-18 20:43:42.065,4.9139E-08
,,,2023-05-18 20:43:42.705,5.0401E-08
,,,2023-05-18 20:43:43.341,5.0239E-08
,,,2023-05-18 20:43:43.977,5.0279E-08
,,,2023-05-18 20:43:44.617,4.8825E-08
,,,2023-05-18 20:43:45.255,5.0316E-08
,,,2023-05-18 20:43:45.892,4.9532E-08
,,,2023-05-18 20:43:46.535,5.0199E-08
,,,2023-05-18 20:43:47.174,4.9235E-08
,,,2023-05-18 20:43:47.808,4.9352E-08
,,,2023-05-18 20:43:48.446,4.7859E-08
,,,2023-05-18 20:43:49.085,4.8912E-08
,,,2023-05-18 20:43:49.730,4.8471E-08
,,,2023-05-18 20:43:50.370,4.8918E-08
,,,2023-05-18 20:43:51.006,5.0134E-08
,,,2023-05-18 20:43:51.647,5.0597E-08
,,,2023-05-18 20:43:52.283,4.9712E-08
,,,2023-05-18 20:43:52.921,4.9196E-08
,,,2023-05-18 20:43:53.562,5.1609E-08
,,,2023-05-18 20:43:54.202,4.9144E-08
,,,2023-05-18 20:43:54.838,4.8151E-08
,,,2023-05-18 20:43:55.478,4.7448E-08
,,,2023-05-18 20:43:56.115,4.8588E-08
,,,2023-05-18 20:43:56.751,5.1956E-08
,,,2023-05-18 20:43:57.388,5.0049E-08
,,,2023-05-18 20:43:58.026,5.0053E-08
,,,2023-05-18 20:43:58.666,4.8919E-08
,,,2023-05-18 20:43:59.304,4.6725E-08
,,,2023-05-18 20:43:59.943,4.961E-08
,,,2023-05-18 20:44:00.582,4.9651E-08
,,,2023-05-18 20:44:01.225,4.9625E-08
,,,2023-05-18 20:44:01.864,4.8563E-08
,,,2023-05-18 20:44:02.506,4.8561E-08
,,,2023-05-18 20:44:03.145,4.9867E-08
,,,2023-05-18 20:44:03.782,4.8844E-08
,,,2023-05-18 20:44:04.424,4.9361E-08
,,,2023-05-18 20:44:05.061,5.0817E-08
,,,2023-05-18 20:44:05.703,4.9794E-08
,,,2023-05-18 20:44:06.345,5.0114E-08
,,,2023-05-18 20:44:06.984,5.0347E-08
,,,2023-05-18 20:44:07.622,4.8888E-08
,,,2023-05-18 20:44:08.262,4.9631E-08
,,,2023-05-18 20:44:08.902,4.835E-08
,,,2023-05-18 20:44:09.540,4.9852E-08
,,,2023-05-18 20:44:10.177,4.9203E-08
,,,2023-05-18 20:44:10.810,4.8976E-08
,,,2023-05-18 20:44:11.453,5.0293E-08
,,,2023-05-18 20:44:12.091,5.0637E-08
,,,2023-05-18 20:44:12.729,4.9056E-08
,,,2023-05-18 20:44:13.370,5.2524E-08
,,,2023-05-18 20:44:14.009,4.9775E-08
,,,2023-05-18 20:44:14.654,5.1008E-08
,,,2023-05-18 20:44:15.292,4.9658E-08
,,,2023-05-18 20:44:15.924,4.9375E-08
,,,2023-05-18 20:44:16.560,4.9283E-08
,,,2023-05-18 20:44:17.206,5.252E-08
,,,2023-05-18 20:44:17.841,5.2171E-08
,,,2023-05-18 20:44:18.476,4.9024E-08
,,,2023-05-18 20:44:19.118,5.0083E-08
,,,2023-05-18 20:44:19.753,4.8447E-08
,,,2023-05-18 20:44:20.392,5.0015E-08
,,,2023-05-18 20:44:21.037,4.9358E-08
,,,2023-05-18 20:44:21.680,5.1447E-08
,,,2023-05-18 20:44:22.313,4.8516E-08
,,,2023-05-18 20:44:22.952,4.8836E-08
,,,2023-05-18 20:44:23.589,4.9984E-08
,,,2023-05-18 20:44:24.228,5.0469E-08
,,,2023-05-18 20:44:24.868,4.9188E-08
,,,2023-05-18 20:44:25.509,4.9752E-08
,,,2023-05-18 20:44:26.148,5.0257E-08
,,,2023-05-18 20:44:26.788,4.7943E-08
,,,2023-05-18 20:44:27.424,4.9922E-08
,,,2023-05-18 20:44:28.066,4.9951E-08
,,,2023-05-18 20:44:28.707,5.0187E-08
,,,2023-05-18 20:44:29.347,4.8888E-08
,,,2023-05-18 20:44:29.985,4.9971E-08
,,,2023-05-18 20:44:30.626,5.0433E-08
,,,2023-05-18 20:44:31.266,5.0996E-08
,,,2023-05-18 20:44:31.904,4.7107E-08
,,,2023-05-18 20:44:32.541,5.1318E-08
,,,2023-05-18 20:44:33.182,4.9228E-08
,,,2023-05-18 20:44:33.820,4.8996E-08
,,,2023-05-18 20:44:34.457,5.1384E-08
,,,2023-05-18 20:44:35.089,5.0179E-08
,,,2023-05-18 20:44:35.719,4.9312E-08
,,,2023-05-18 20:44:36.351,4.8565E-08
,,,2023-05-18 20:44:36.986,4.8077E-08
,,,2023-05-18 20:44:37.630,4.8629E-08
,,,2023-05-18 20:44:38.251,5.0466E-08
,,,2023-05-18 20:44:38.885,4.8625E-08
,,,2023-05-18 20:44:39.530,4.8873E-08
,,,2023-05-18 20:44:40.162,4.8043E-08
,,,2023-05-18 20:44:40.800,4.8848E-08
,,,2023-05-18 20:44:41.440,5.0966E-08
,,,2023-05-18 20:44:42.075,5.0283E-08
,,,2023-05-18 20:44:42.712,4.9677E-08
,,,2023-05-18 20:44:43.349,4.8946E-08
,,,2023-05-18 20:44:43.987,4.9758E-08
,,,2023-05-18 20:44:44.627,5.1144E-08
,,,2023-05-18 20:44:45.262,4.9594E-08
,,,2023-05-18 20:44:45.897,4.9635E-08
,,,2023-05-18 20:44:46.541,4.7372E-08
,,,2023-05-18 20:44:47.181,4.8777E-08
,,,2023-05-18 20:44:47.818,5.1335E-08
,,,2023-05-18 20:44:48.461,4.8942E-08
,,,2023-05-18 20:44:49.098,5.0151E-08
,,,2023-05-18 20:44:49.732,4.9681E-08
,,,2023-05-18 20:44:50.369,5.054E-08
,,,2023-05-18 20:44:51.002,5.1028E-08
,,,2023-05-18 20:44:51.642,4.8109E-08
,,,2023-05-18 20:44:52.282,4.8582E-08
,,,2023-05-18 20:44:52.915,4.9919E-08
,,,2023-05-18 20:44:53.558,4.9955E-08
,,,2023-05-18 20:44:54.197,5.1035E-08
,,,2023-05-18 20:44:54.833,4.9471E-08
,,,2023-05-18 20:44:55.473,4.7975E-08
,,,2023-05-18 20:44:56.113,5.045E-08
,,,2023-05-18 20:44:56.748,5.2085E-08
,,,2023-05-18 20:44:57.387,5.0453E-08
,,,2023-05-18 20:44:58.029,4.9763E-08
,,,2023-05-18 20:44:58.667,4.7784E-08
,,,2023-05-18 20:44:59.308,5.204E-08
,,,2023-05-18 20:44:59.946,4.8862E-08
,,,2023-05-18 20:45:00.583,4.8428E-08
,,,2023-05-18 20:45:01.223,5.1785E-08
,,,2023-05-18 20:45:01.859,5.067E-08
,,,2023-05-18 20:45:02.499,4.8854E-08
,,,2023-05-18 20:45:03.137,4.7877E-08
,,,2023-05-18 20:45:03.770,5.1274E-08
,,,2023-05-18 20:45:04.410,4.7994E-08
,,,2023-05-18 20:45:05.050,5.0948E-08
,,,2023-05-18 20:45:05.691,5.1112E-08
,,,2023-05-18 20:45:06.326,4.9335E-08
,,,2023-05-18 20:45:06.964,4.9944E-08
,,,2023-05-18 20:45:07.603,5.1048E-08
,,,2023-05-18 20:45:08.240,4.8958E-08
,,,2023-05-18 20:45:08.874,5.1077E-08
,,,2023-05-18 20:45:09.518,4.8434E-08
,,,2023-05-18 20:45:10.159,4.8608E-08
,,,2023-05-18 20:45:10.797,5.0374E-08
,,,2023-05-18 20:45:11.439,4.7704E-08
,,,2023-05-18 20:45:12.081,5.0215E-08
,,,2023-05-18 20:45:12.715,5.0551E-08
,,,2023-05-18 20:45:13.355,5.1127E-08
,,,2023-05-18 20:45:13.995,4.7988E-08
,,,2023-05-18 20:45:14.632,5.3353E-08
,,,2023-05-18 20:45:15.272,5.0259E-08
,,,2023-05-18 20:45:15.913,5.0189E-08
,,,2023-05-18 20:45:16.543,5.0148E-08
,,,2023-05-18 20:45:17.187,5.1332E-08
,,,2023-05-18 20:45:17.834,4.9417E-08
,,,2023-05-18 20:45:18.470,4.8386E-08
,,,2023-05-18 20:45:19.110,4.9633E-08
,,,2023-05-18 20:45:19.747,4.9268E-08
,,,2023-05-18 20:45:20.384,5.0662E-08
,,,2023-05-18 20:45:21.019,5.19E-08
,,,2023-05-18 20:45:21.653,4.8384E-08
,,,2023-05-18 20:45:22.285,5.0441E-08
,,,2023-05-18 20:45:22.923,4.8375E-08
,,,2023-05-18 20:45:23.561,4.9222E-08
,,,2023-05-18 20:45:24.201,4.989E-08
,,,2023-05-18 20:45:24.837,4.902E-08
,,,2023-05-18 20:45:25.479,5.1858E-08
,,,2023-05-18 20:45:26.117,4.884E-08
,,,2023-05-18 20:45:26.752,4.8943E-08
,,,2023-05-18 20:45:27.386,4.9797E-08
,,,2023-05-18 20:45:28.030,4.9894E-08
,,,2023-05-18 20:45:28.671,5.0625E-08
,,,2023-05-18 20:45:29.312,4.7466E-08
,,,2023-05-18 20:45:29.951,4.7648E-08
,,,2023-05-18 20:45:30.588,4.8635E-08
,,,2023-05-18 20:45:31.223,5.0375E-08
,,,2023-05-18 20:45:31.862,4.7351E-08
,,,2023-05-18 20:45:32.503,4.7702E-08
,,,2023-05-18 20:45:33.144,5.081E-08
,,,2023-05-18 20:45:33.781,4.9922E-08
,,,2023-05-18 20:45:34.421,4.8832E-08
,,,2023-05-18 20:45:35.056,4.9932E-08
,,,2023-05-18 20:45:35.685,4.9844E-08
,,,2023-05-18 20:45:36.318,4.9312E-08
,,,2023-05-18 20:45:36.957,4.7933E-08
,,,2023-05-18 20:45:37.599,5.0386E-08
,,,2023-05-18 20:45:38.240,5.209E-08
,,,2023-05-18 20:45:38.875,4.8325E-08
,,,2023-05-18 20:45:39.515,5.1215E-08
,,,2023-05-18 20:45:40.157,5.1395E-08
,,,2023-05-18 20:45:40.796,4.9546E-08
,,,2023-05-18 20:45:41.437,4.9491E-08
,,,2023-05-18 20:45:42.076,5.1714E-08
,,,2023-05-18 20:45:42.714,9.9E+37
,,,2023-05-18 20:45:43.352,4.9191E-08
,,,2023-05-18 20:45:43.983,5.0597E-08
,,,2023-05-18 20:45:44.627,5.106E-08
,,,2023-05-18 20:45:45.265,5.0433E-08
,,,2023-05-18 20:45:45.904,4.827E-08
,,,2023-05-18 20:45:46.539,4.7852E-08
,,,2023-05-18 20:45:47.176,5.0432E-08
,,,2023-05-18 20:45:47.814,4.7372E-08
,,,2023-05-18 20:45:48.454,4.9463E-08
,,,2023-05-18 20:45:49.092,4.9042E-08
,,,2023-05-18 20:45:49.735,4.8756E-08
,,,2023-05-18 20:45:50.374,5.0024E-08
,,,2023-05-18 20:45:51.012,4.8854E-08
,,,2023-05-18 20:45:51.652,4.9911E-08
,,,2023-05-18 20:45:52.292,4.8876E-08
,,,2023-05-18 20:45:52.932,5.0517E-08
,,,2023-05-18 20:45:53.566,4.9762E-08
,,,2023-05-18 20:45:54.202,5.1835E-08
,,,2023-05-18 20:45:54.840,4.8296E-08
,,,2023-05-18 20:45:55.482,5.0549E-08
,,,2023-05-18 20:45:56.110,4.8188E-08
,,,2023-05-18 20:45:56.747,4.9198E-08
,,,2023-05-18 20:45:57.385,4.8366E-08
,,,2023-05-18 20:45:58.023,4.8564E-08
,,,2023-05-18 20:45:58.667,5.1417E-08
,,,2023-05-18 20:45:59.304,5.0399E-08
,,,2023-05-18 20:45:59.937,4.8593E-08
,,,2023-05-18 20:46:00.577,5.1749E-08
,,,2023-05-18 20:46:01.213,5.1153E-08
,,,2023-05-18 20:46:01.846,4.9896E-08
,,,2023-05-18 20:46:02.489,4.8412E-08
,,,2023-05-18 20:46:03.138,5.074E-08
,,,2023-05-18 20:46:03.776,4.8557E-08
,,,2023-05-18 20:46:04.407,5.0829E-08
,,,2023-05-18 20:46:05.051,4.8578E-08
,,,2023-05-18 20:46:05.690,4.9177E-08
,,,2023-05-18 20:46:06.328,4.9523E-08
,,,2023-05-18 20:46:06.970,5.0964E-08
,,,2023-05-18 20:46:07.608,4.9924E-08
,,,2023-05-18 20:46:08.252,5.0162E-08
,,,2023-05-18 20:46:08.890,5.2338E-08
,,,2023-05-18 20:46:09.533,5.0948E-08
,,,2023-05-18 20:46:10.174,4.9865E-08
,,,2023-05-18 20:46:10.818,5.1041E-08
,,,2023-05-18 20:46:11.453,5.1418E-08
,,,2023-05-18 20:46:12.090,5E-08
,,,2023-05-18 20:46:12.733,4.8529E-08
,,,2023-05-18 20:46:13.369,4.77E-08
,,,2023-05-18 20:46:14.008,4.9673E-08
,,,2023-05-18 20:46:14.651,5.0092E-08
,,,2023-05-18 20:46:15.290,5.016E-08
,,,2023-05-18 20:46:15.925,4.8384E-08
,,,2023-05-18 20:46:16.565,4.9806E-08
,,,2023-05-18 20:46:17.204,5.0162E-08
,,,2023-05-18 20:46:17.842,5.0178E-08
,,,2023-05-18 20:46:18.483,5.1454E-08
,,,2023-05-18 20:46:19.120,4.9688E-08
,,,2023-05-18 20:46:19.758,4.9819E-08
,,,2023-05-18 20:46:20.393,5.1512E-08
,,,2023-05-18 20:46:21.025,5.0466E-08
,,,2023-05-18 20:46:21.661,4.8224E-08
,,,2023-05-18 20:46:22.300,5.0212E-08
,,,2023-05-18 20:46:22.939,5.1661E-08
,,,2023-05-18 20:46:23.575,5.1469E-08
,,,2023-05-18 20:46:24.215,4.6298E-08
,,,2023-05-18 20:46:24.850,4.8179E-08
,,,2023-05-18 20:46:25.482,4.837E-08
,,,2023-05-18 20:46:26.125,5.179E-08
,,,2023-05-18 20:46:26.763,5.0168E-08
,,,2023-05-18 20:46:27.401,5.112E-08
,,,2023-05-18 20:46:28.040,4.9205E-08
,,,2023-05-18 20:46:28.680,4.8514E-08
,,,2023-05-18 20:46:29.318,4.9215E-08
,,,2023-05-18 20:46:29.962,4.7738E-08
,,,2023-05-18 20:46:30.595,5.0197E-08
,,,2023-05-18 20:46:31.228,5.0289E-08
,,,2023-05-18 20:46:31.866,4.9059E-08
,,,2023-05-18 20:46:32.507,5.2477E-08
,,,2023-05-18 20:46:33.145,5.0132E-08
,,,2023-05-18 20:46:33.789,4.9766E-08
,,,2023-05-18 20:46:34.423,5.0173E-08
,,,2023-05-18 20:46:35.052,4.9465E-08
,,,2023-05-18 20:46:35.684,4.9839E-08
